sentiment,labels
maksud skenario rezim tunda upaya,negative
pilkada milu rame doain ulama selesai ulama rame kriminalisasi tangkap iya nanya boleh,neutral
moga real pilpres utk unggul amin,positive
dukung anies ya gin ken junjung jd presiden dunia angel angel,negative
lengkap potong inti bicara tegas presiden bela golong menang pilpres tegas pimpin negara presiden lawan pilpres,neutral
pilpres inj yg sebar hoax manakoq,negative
oh partai dukung capres ora menang,negative
rawan tambah dukungansemoga jafi doa masyarakat kuat dukung pilpres,positive
top markotop good job mr president ri,positive
ngaca capres gubernur,negative
cocok bgt jdi presiden tpi d medsos aja,negative
mutasi bandar pilpres ganggu,negative
prabowo presidenpara kader aminnoposisipun keceewa,neutral
please moga bu sus maju pilpres,positive
jgn sok plg hebat blm resmi jd capres sdh nyerang kanan kiriingat bs jd gubernur jasa usung jgn jd kacang lupa kulit,negative
klo daerah org familiar dgn gak kenal ganjar efek pilpres kmren org kmpung simpan memori capres lawan jokowi kmren klo pilpres lg pilih prabowo katanyasemoga ato psg capres cwpr,neutral
kau bilang pokok yg pilih presiden orang jawa,neutral
brengsek presiden,negative
salah pilih capres pengaruh coattail effect alias efek ekor jas harap parpol jaga ritme jelang pilpres sembari cari peluang lebih sila baca majalah gatra edisi baru,neutral
pa ga bilang periode langgar konstitusi konstitusi ubah periode tuju amp capres tuju milu tunda milu pilpres ngomong gitu susah banget pa,neutral
menang anies presiden nkri,positive
si anis jd tonton kontestasi pencapresan endgame nis,negative
ganjar sosok rakyat moga jalan mulus pilpres,positive
capres sibuk kampanye presiden ganti partai anies kayak santai aja kerja maju kota,neutral
gubernur jateng dukung arah presiden bangga produk buat negeri aspek salah satu beli produk produk negeri,positive
selamat ganjar dg tinggi elektabilitas moga langkah menang pilpres nnti,positive
moga aja pilpres aman kendali aamiin,positive
jago pilpres moga mnjadi jago,positive
anjriit lg yg diblock sm buzzermu yg ngeblock kalah argumentasi presiden kalo pelihara buzzer yg lot nalar,negative
selamat sukses luncur sistem informasi tangan langgar milu lapor sigaplapor bawaslu ri,neutral
negara negara pancasila aja malu negara pancasila capres nya doyan bokep,negative
masyarakat cerdas mem pilih tindak menang ego,neutral
masyaallahsemoga beliau presiden yah aamiin,positive
anies ga ngomong jd presiden lo yg klaim plagiat lo,negative
nyata sikap milenials purwakarta rawan aksi jabar dukung anies baswedan maju pilpres,neutral
damba salah kandidat kontestansi pilpres sosok komplit yakin persis visi jokowi nkri lawan debat berat capres moga dukung beliau kenan turun gelanggang,positive
mantapp tuju moga wujud sukses bunda hj khofifah ip calon pilpres,positive
beda kelas gubernur bijak si bodoh yg ngebet presiden kapasitas standar,negative
ga bilang sekoci ganjar rapat baris kib politik dinamis partai mahami rakyat maju pilpres bismillah ri pakde ganjar,positive
senewen amatdimana situ partai merah panas awas loh kepincutnanti lamar anies capres,positive
dukung masyarakat menteri bumn erick thohir mudah utk maju pilpres dukung yg kpd modal kuat pilpres,positive
istighotsah lancar ganjar pranowo pilpres yg,positive
mantaabbb jokowi jaga sehat doa moga mas anies baswedan yg ganti presiden aamiin yaa robbal alaamiin,positive
presiden jawa pimpin aja miskin,negative
kerja bener ya omong banjir semarang atas kalo presiden,neutral
harap beliau moga lancar pilpres puan harap rakyat,positive
gaduh kader elite parpol turun masyarakat edukasi politik baik pilih orientasi politik gagas mudah pecah belah dekat emosional hegemoni identitas,neutral
tuju adl bgmn pilpres jg ditundaampjabatan presiden panjang proses milu yg legalampberujung jegal calon presiden yg bendung elektabilitasamppopularitasnya utk tampil panggung pilih presiden mudah tebak koq,neutral
ujung zonk masyarakat sehat milih gimana coba presiden aja jawab kadrun kadrunwati,negative
duluan usung anies pilpres coblos partai,positive
butuh selenggara milu siap salah satu draft pkpu rencana bahas rapat idulfitri,neutral
kordinasi laku anies nasionalis mata org asing sisi diam anies support somad amp ikut utk ulah bukti suara dukung anies maju pilpres,negative
prediksi calon gilir presiden hasil milu,neutral
serentak kirim,neutral
bukti jgan lo bilng hoax nya tolol,negative
proses jalan ya tentu sepakat sepakat proses ya jalan sesuai wapres,neutral
iya dukung presiden,positive
in my opinion perang rusia vs ukraina naik elektabilitas bpk capres,positive
obok bangsa ngerti,neutral
sdh pas menteri gak pingin presiden bajar dr nyata,negative
partai bawa indonesia krisis migrasi besar pilih publik,neutral
wenang parpol pt nyaring caprescawapres yg angin kelompok radikal nkri jaga parpol yg tanggung neg suriah afganistan neg yg tika bangsa,neutral
alhamdulillah moga allah kuat kerjasama jaga sama tiga partai usung anies pilpres aamiin yra,positive
rakyat cerdas nilai era reformasi momentum indonesia diktator fakta pilpres philipina pilpres yg reformasi mandeg krn antek orba kuasa,negative
provinsi termisikin salah gubernur ehhhmalah dukung presiden owalahlogika bodoh,negative
lucu ya yg kebelet presiden dukung yg panas fix ya peluang anies presiden drpd ganjar,negative
tanggung idiot selenggara milu tanggung hasil serta milu ubah relevan pilih,negative
dukung berat sih dia mantri komando presiden,neutral
moga et sehat berkat transformasi tubuh bumn laba bumn tingkat menteri bumn eektabilitas et tingkat pilpres laba elektabilitas,positive
tertib gak gimana presiden arogan tuh fadlizon,negative
kalo gitu cocok presiden,negative
tunda milu krn alas ekonomi joran kekeuh ikn ekonomi susah,negative
cerdas paham cermin real yg blom utk presiden ri ko anggar lebih bayar beliau skill kelola uang daerah negara,negative
harap moga ikhtiar bareng doa santri mudah jalan ganjar menang pilpres,positive
rezim sluman slumun slamet atur halang ubah atur aktif rewel kritis tangkap retas wajar indeks demokrasi babak bur rezim neng i dont read what i signed,negative
gak bicara reklamasi dahhnanti sesi interpelasi bukti transfer dana formula e yg habis apbd trilyunan hadirlepas tanggung ambisi presiden uang trilyunan tsb utk ambisi,negative
milu hijab,negative
tdk laku dipasarsn pilpres tum parpol ramai sabotase milu mreka sdg dlm krisis kpercayaan publik tdk bs teladan dlm pimpin politik krn tdk figur yg bs tonjol utk panutan rakyat skrg mreka ramai doktrin rakyat utk mlawan konstitusi,negative
puan maharani ketua pdip megawati soekarnoputri kantong nama calon presiden usung pdip pilpres,neutral
emg ganjar ga cocok jdi presiden ga kaos bgitu,negative
penggal harap rakyat indonesia titip pundak anies baswedan moga allah swt kuat anies lampau tahap tantang allah takdir anies presiden ri,positive
hasil edukasi demokrasi hasil politik tajam identitas fanatisme relawanpendukung satu nasional warga bebas rahasia pilih negarawan profesional integritas dukung program baik,neutral
tdk nasi bubur tum partai yg minus kandidat pesimistis utk milu dg alas harap rakyat negara urus yg gagas nasional utk negeri track record yg nyata sesuai dg janji,neutral
selamat ganjar rambut nya moga amanah,positive
rakyat belah golkar kawal tahap milu,neutral
alhamdulilah ganjar calon presiden yg amanahamin,positive
saleh daulay tegas koalisi indonesia satu menang pilpres,neutral
presiden laksana pemiu sesuai jadwal saran yg rusak prestasi yg dicapaimerupakan yg lumrah presiden menyiapkanmerestui capres yg sesuai visi cc,neutral
giat bal sembari presiden hadir acara aksi afirmasi bangga buat indonesia bincang sebentar sahabat menteri salam kompak indonesia maju,neutral
dgn alam giring pimpin moga calon pilpres,positive
sistem pemilupilpres rubah orang tak percaya pemilupilpres timbul ragu jenis,neutral
milu hajat rakyat indonesia suka cita depan semangat satu,positive
maju jalan grak kl maju nyapres ya silah kl kalah kayak yg udah udah ya ngambek,neutral
capres miskin ide gagas isi cmn konten socmed kek orang jual skin care,negative
kesini colok tokoh maju penta politik penasaran kan bedah kan ya bangun komunikasi politik media hmmmm,neutral
yg usul tunda milu pilpres tunda yg panjang jabat presiden kader parpol yg duduk parlemen tri,neutral
meng ber moga rusuh ulang pilpres satu indonesia world pinggir south,positive
sm aje kaya makartuh presiden yg sah msh adatiba main claim aje ente jd pleciden klo jd pleciden yaman sah aje negara lu lg chaos,negative
model gin pengin presiden ngurus jateng aja blepot kampung semenjak jateng asai infrastruktur ancuran ambyar pokoke,negative
jutek banget sih mba ngeri kalo sampe jd presiden kerja ngomel,negative
bikin kisruh kalo capek mundur aja lo opung luhut,negative
presiden aja bantu masyarakat blm lg yg ga tau bantu off the record,positive
gue kagak sudi si puja bokep presiden pimpin tukang mebel aja utang roket pimpin si feodal den genjer,negative
moga puan maju pilpres priode mega usung puan lho bestiie,positive
hei mardani kau malu kah kau kumpul yg ulama dukung kalah dgn jargon gagal maning kau goyang lg jokowi dgn narasi ekonom sakit nalar hehehe gagal mardani,negative
kalo udah pilpres kali lembaga muncul lantik urus saudara ketua klaim basis massa biar jual politik,neutral
muncul wacana tunda milu amat politik igor dirgantara timbul krisis legimitasi perintah,neutral
manusia maniak psikopat wan bacot kibul bahaya kalo presiden amburadul tatanan negara,negative
butuh sosok yg pecah belah suara pemiluagar konsentrasi kontestan unggul,neutral
gw fans anistapi liat laku tolol dukung ganjar suka fitnah adu dombajadi gerah jugaok gitu gw ngga golput,negative
kalo yg unggul gak tunda pemiluakal sehat,neutral
nyalonin presiden ga banget,negative
nama jg lg usahacari makan kerja ngga keahliankecuali jual hoax,negative
nama yg gadang gadang potensi maju pilpres puan maharani rekam jejak pimpin puan nilai karno pimpin nasional suksesi milu puan harap rakyat,positive
bae jaga sehat biar nyoblos pilpres,neutral
presiden omong nya aja pecah belah yg ngomong kayak gitu,negative
usul bang adil koalisi bentuk gimana capres anies damping wapres wapres i wapres ii keren khan,neutral
gabung makan korban tugas kpps orang mati tugas kpps kewalahan lelah amp masyarakat rentan provokasi,neutral
pdip dukung puan maharani maju pilpres sukses deh bu puan puan harap rakyat,positive
optimis anis menang milu,positive
kelompok masyarakat sosok presiden ganjar bukti bangkit ekonomi jawa pandemi covid,positive
skrg hrs blajar hitung brp kali elit politik blusukan sblum amp stelah milu mmbedakan yg citra,neutral
junjung umat islam nabi muhammad saw ulama jabat capres ikut ulama yg kuasa dalil sesat ulama suu cinta nabi mulia ulama hormat ortu,neutral
anies baswedan menang pilpres cawapres nya udh suara pilih juta an org moga sukses ya nopel bamukmin,positive
jokowi pilpres beliau kalah cianjur perhati jokowi cianjur luntur gempa hantam cianjur hancur jokowi dtg bantu kuat amp hibur moga beliau sehat amp selamat dunia akhirat,positive
pilpres hoax ampujaran benci penuh medsos perintah biarkanlamban tangan gelinding spt bola salju sbg pimpin rakyat presiden tunjuk sikap dgn bicara tdk serah kpd tegak hukum,neutral
silah pilih presiden yaman presiden indonesia orang indonesia asli,negative
gambar karbitan nafsu ga ngrti sejati pimpin ngimpi capres pilih lurah aj blom menang,negative
yg capres pilih gue ganjar,positive
yg ngeyel ngeyel susah satu gimana pandang capres,neutral
nyata banget capres prabowo pasang dgn potensi menang kontestasi cawapresnya prabowo atas unggul kerja,positive
maaf lepas urus politik doa beliau lekas sembuh aktivitas kenal pribadi beliau batas tim sukses pilpres beliau pribadi yg sederhana dermawan,positive
ya alloh lindung dn ga dr bahaya goda dn tipu daya moncong putih aamiin,negative
moga pilih pimpin yg minim bentur pilpres mendatangdan realisasi rakyat utk pilih capres th allahu akbar merdeka,positive
mikir ngatasin jawa makmur ngotot maju calon presiden ganjar presiden negara bawa jad negara trmiskn dunia,negative
prediksi psikologis politik nyata milu tunda khawatir tolak tunda milu niscaya,neutral
si y si kadrun mbak puan capreskan tau elektabilitas mbak puan rendahkadrun takut pdip mencapreskan ganjar kadrun bunuh kalahtp pribadi presiden ok yg jgn anis ok anis tp keliling y,negative
milu elo data darimana suara nasdem turun drastis survey,neutral
ganjar presidenapa duniacari yg inimrputinmalaysia australia kencing celanauraaa,negative
uang bayar massa mending bantu subsidi minyak bandung raya,neutral
selamat moga sehat presiden,positive
ikn pulih ekonomi aparat birokrasi imbau politik,neutral
sih tuju bangga kerja gak pimpin presiden ri kerja nya,negative
walah aja org ga pantes jd presiden biar aja,negative
tempeeee sibuk dgn kengelesannya rasain loe telur dadar wkwkwkwkw banjir semarang n baznaz udah gitu ngebet mo jdi presiden,negative
gilir yg anies baswedan kandidat capres klean ribut turun arab pdhal org tua asli yogyakarta kakek juang ri ahok yg usung knp klean nggak turun cina erick tohir jg ibu turun cina diam otak babi,negative
kalo presiden jokowi ya putus beliau,neutral
dengar suara rakyat paksa ambisi rakyat tunggu the next presiden,positive
die sebenernya sih min presiden gubernur yah bikin festival nya sampe lampung kampanye hati hati min yg ngelaporin bawaslu lg kaya belah aja isi prestasi prestasi beliau eh bilang kampanye selubung,negative
nasionalis pecah kelompok kelompok capres lenggang mudah gigit jari ayo satu indonesia,neutral
ganjar amanat jd presiden papua barat mesti tolong khusus sdm papua asli yg lemah beda dg papua tdk daya dr gerogot sakit internal tekan masif eksternal dg hegemoni uang politik budaya,neutral
perahu aja emak tuju gimana presiden,negative
absurd hubung pakai jilbab menang pilpres anak anak sby gak pakai jilbab beliau pilih periode,neutral
moga pilpres indonesia pilih yg baik harap,positive
aksi unjuk mahasiswa tunggang kelompok radikal,neutral
sempat ps presiden milu nggak kalah strategi hadap masif curang ps berat lembaga survey yg menang ps,neutral
penasaran kakbah salah doa politis capres partai menang milu,neutral
kasihan capres thn keburu usia ketua milu tunda,negative
ogaaahpake banget capres rekrut jd rawan voter rawan,negative
deklarasi dukung sembako kalo buzzerp cebong gembira kuasa masuk langgar milu nggak yaterus emang nggak butuh dana yadananya darimana kalo nggak yg usung rugi,neutral
capres boneka mandiri merdeka bravo anies,positive
entar pakai utk serang capres tahu cebong yg suka bolak balik fakta,negative
presiden bukti kualitas hebat pimpin negeri onward suka suka realitanya,positive
jokowi biar istirahat beliau biar tokoh pilih rakyat pilpres pimpin sesuai konstitusi,neutral
sombong orang jabat mah cm titip udah selesai ya ganti orang jokowi jg selesai juang orang yg ente dukung senang pilpres dngn sosialisasi ide gagas yg brilian,neutral
kasiha bumi langit langit bumi cari presiden yg bumi getar langit,negative
plus minus sihh buka tutup gugat kader pdip milu jaman orba coblos lambang parpol kursi legislatif tentu parpol,neutral
entar presiden rakyat ya,positive
tahap milu,neutral
bismillah koalisi dukung presiden yuk partai silah gabung,positive
si imin pkb mundur coba survei ulang maju,neutral
janji mantan gub dki presiden macet banjir mudah atas bukti terima kasih bang,positive
gak cocok presiden ri,negative
kasi buzeer anis kena preng anis maju kota bahagia rakyat nya nya anis presiden didik maju bukti nya dki jakarta aja ga becus urus warga nya haduh halu lo tinggi gila lo,negative
ngurusin banjir aja susah bisa main ngurusin negara ngimpi nya jd presiden,negative
presiden turun tahta suksesi minat capres tualang pilih dasar rekam jejak,neutral
prabowo presiden,positive
calon mnjd presidenkok citra lebih presidenhayooo pakudh restuin partai bpk bom kalo mah ga maju pakkepedean diahehehe,negative
achtung achtung anak perempuan hijab dukung anies capres cc,negative
kasi gin ken jd presiden dg pencitraaan tolol wkwkwkwkwwkwkwkw niru kakak guru nya lu pikir org milih org sok citra kyk lu wkwkwkwkw mending nonton bokep,negative
sikap bijak presiden ri bijak menteri bijak udah nggak sabar pimpin,positive
calon capres spt gak wkt utk sedih liat dukung yg militanrasis spt yg gak ambil pusing laku dukung,neutral
apa klo pas pilih pilkada pilpres bohong citra fanatisme buta sosok politis,neutral
mayoritas masyarakat selenggara milu undur,neutral
setujuu anies cocok banget pasang bu puan pilpres moga wujud amiin,positive
heboh kuat politik jokowi pilpres,neutral
clear laser knapa nyinyir jgn bikin gaduh internal n rugi partai fokus pencapresan aja,positive
calon pimpin negara dgn budaya budaya akar dr pohon yg indonesia paham nggih jgn dgn ucap tindak,neutral
bagus king maker kayak megawati menang jabat megawati borong plus gelar profesor hc dibuli capres sejati ya,negative
adil juang klu hnya janji doang sih smua orang gw dukung militan beliau cawapres capres kecewa ketidakadilan tonton anak bangsa negeri,negative
gua gk bilang ahok jd presiden drun yg milih jokowi gk yg milih wan got ya kalo anda ahok ama wan got gk wan got menang jual agama lg aja wan got,negative
presiden wapres patuh konstitusi tunda milu periode,neutral
mundur milu laksana sistem proporsional tutup nama mundur demokrasi,neutral
harap sbg rakyat kalo kelak presiden pornografi hala legal ya sy nuhun sewu mending nikah mudah murah,positive
ngebet banget presiden,negative
lo ga malu gt turun marwah jokowi presiden lo banding seorg gubernur segitu takut nya kah pasca ga dpt jatah nasi bungkus msh takut nya dr,negative
jalan arah presiden joko widodo jajar dpt dukung sepenuh kait anggar personel amp logistik milu jalan kualitas dengar aspirasi rakyat,neutral
sukses pilpres doa ganjar menang pilpes moga jalan lancar,positive
jalan arah presiden joko widodo jajar dpt dukung sepenuh kait anggar personel amp logistik milu jalan kualitas dengar aspirasi rakyat,neutral
tunda milu periode silah tp hak konstitusi tolak lawan,neutral
tunggu presiden keburu gede tu paham,neutral
yg numpang tenar yg paksa hendak yg utk lindung keluarga yg ingus yg suka bayar apa pilih presiden,negative
gw lo dah info kalo kaos tsb simpatisan yg anies presiden kalo mang dasar benci mo aja lo gak suka lo spin karna setan benci kasi,negative
tokoh politik calon presiden monggo dengar suara rakyat judul isu politik milu video rakyat,neutral
moga presiden pilih pilpres orang henti rusa rejim langkah koreksi prof anies baswedan tokoh,positive
pesan tulus orang presiden ri menang moga baik indonesia rakyat indonesia aamiin salam,positive
perihal penda aksi perihal penting beda milu dki moment tepat politik momentum politik apa giat acara pandang perspektif politik,neutral
profesor yg diikuli dll tebar narasi pimpin muslim yg pergi ibadah agama analogi calon presiden makan babi lakukanprofsampah,negative
ambisi pilpres cari nama sensasi nama citra moga rakyat cerdas pilih pimpin,positive
amat yg baik milu konstelasi capres yg kembang yg maju pilpres pasang gerindra pdip bagus pasang gender laki wanita maju serasih,positive
moga pa listyo tabah tegak hukum pandang bulu polri sigap jelang pilpres awal bangun ikn,positive
nunggu komentar n bikin putus biar ga sibuk urus capres n cawapres aja,neutral
tanggung sukses milu sehat bebas korupsi integritas selamat pimpin kpk gagas,positive
kaji pakai sistem segi aman teknologi jamin audit forensik,neutral
yaa allaah bln romadhon mu yg mulia hamba mohon moga engkau dg kuat alam nusantara yg indah menjdkan bpk sbg presiden amp wakil presiden nkri aamiin,positive
moga aja ganjar pranowo maju pilpres presiden ri,positive
pilih presiden tu yg jls kalo ky yg motor ken gak dpt minyak hei nul sebener nya lu tu tolol pikir lu cetek belakang kpn maju nya lu nul kerja yg bnr kd buzzer aja haram duit nya,negative
kasihan kalo dukung yg babi buta gin respek dukung amp dukung gp maju alangkah baik pro nkri dukung amp rangkul jngn malu kalo ketawain mah kadal hadeww,neutral
bekal yg pilih rasional atas risiko polarisasi pilpres,neutral
ganjar anies tokoh atas rujuk publik calon presiden dominan,neutral
sosok terus joko widodo moga pilpres presiden ganti joko widodo bersikan indonesia mental korupsi kerja kerja kerja,positive
ganjar presiden tolong bikin jalan tol bikin jalan yg gratis rakyat jelata ya,neutral
urus supply minyak goreng aja gak koq kuasa gak malu,negative
alhamdulillah mari juang insyaallah presiden ri,positive
presiden ya ya,positive
tuntut turut stop unjuk,neutral
orab turun arab presiden yg orang jawa primbon jawa kejawen jawa,negative
klow mimpi jng tinggi daerah aja blm bs d sejahtera apalg jd presiden ganjaranganjaran blm jd presiden dh bnyk bohong,negative
patriark feodalism negara nenek moyang anak mantan presiden cucu proklamtor bangsa filosofi cina turun bangun turun kembang yg tiga menghabiskanmenghancurkan awas,negative
tengah polarisasi yg dampak pilpres amp kontestasi yg dtng waras bijak dlm telaah informasi objektivitas landas sikap lanjur fanatik yoklah rangin moga tdk mudah provokasi,positive
keren banget moga indonesia lindung cipta pilpres,positive
sdh kontribusi thd negara biar tiket capress kpd amp dukung beliau beliau wujud citax negara yg kuat aman amp makmur rakyat nya kenang amp sejarah catat bangsa,positive
amat politik nilai sukses kerja kbumn hasil nilai publik positif dlm dorong hadir transformasi tubuh bumn kuat dukung bekal pilpres,positive
miris ngimpi presiden,negative
jabat presiden beda jabat ketua partai politik beda jabat ketua ormas tanwir rakornas panjang jabat,neutral
jalan dgn undur pilpres knp atur kes buru buru revisi,neutral
tinjau lokasi bakar pasar gembrong anies riak calon presiden polri andika rossa,neutral
catat milu pilpres istana negara gedung dpr bangun ikn ganti presiden jakarta ibukota negara,neutral
giring mh udh gitu kmren bg msh ken jokowi jdi presiden rakyat ken tu jokowi mundur,neutral
tukang fitnah sampah pilpres gabung pilkada dki gentayang medsos,negative
ganjar pranowo layak presiden ganti jokowi rendah hati jumawa,positive
terang agama pakai dukung milu gitu ya aja sih kaya pas pilih gubernur iya ampuhh,negative
wuih keren neh insya allah presiden bang catat,positive
yaah ngatain aja bebass suka lo bro,neutral
ya emang janji politik nggak konsekuensi hukum paling konsekuensi sosial janji politik anies konteks pilpres cmiiw tulis warganet,neutral
lho ga buka klo big data analisa benar data big data big dusta,negative
presidential threshold jadi demokrasi kt mnjdi demokrasi kriminal demokrasi jual beli perahu demokrasi yg kuat uang utk menang kompetisi pilpres amp wapres selamatkann indonesia oligarki,neutral
pilpres tunda dgn alas beban rakyat panjang karpet merah pilkada tengah gawat pandemi aja paksa inget anak mantu,neutral
gk presiden tukang nonton bokep generasi muda indonesia nnti nya amit,negative
prabowo komentar keras perintah presiden jokowi kemenkeu bu sri mulyani lawan jokowi prabowo bahu bahu dgn tunjuk manner bagus,positive
dukung bodoh capres mantan gub jakarta umum amp pasang capres klo bacapres betol uu milu sah clear,negative
presiden jokowi jg islam tp dserang jg yg nyerang psti asong khilafah yg laku ga beda sm pkiplaying victim wan kibul serang pdhl pndukungnya yg suka kofar kafirin org bhkan muslim serangtobat lu drun,negative
insyaa allah presiden indonesia nya negara satu adil makmur sejahtera indonesia bertaqwa,positive
partai tunggu arah pakde jokowi pilpres moga pk jokowi nunjuk ganjar prabowo,positive
bukti milu butuh silaturahmi joko cahyono,neutral
moga lancar capres menang pilpres dukung anies utk ubah indonesia,positive
diri partai calon presiden ri,positive
kerucut ganjar pranowo capresnya iya iya masak kagak sih,neutral
pokok tawar penting ya salah satu ridwan kamil masuk pilpres,neutral
zonk lok dapat sih tanda presiden segani harga bangsa pandang dr kaca benci ya dribkacamata pk zonk,negative
tinggal hitung jam tahap milu bismillah moga mudah lancar sehat laksana tugas depan,positive
moga tum partai pikir bu mega tum demokrasi pancasila mpr pilih presiden amp tetap gbhnpphn insyaallah tuju dgn mpr pilih presiden capres,positive
tanggap fx rudy bawa foto gunung sai doa mosok amin aye mah langsung aminin insyaallah ijin allah swt jdi presiden aamiin yra klik baca,positive
jujur gw bangga anak free york terima kasih bangun tanah tumpah darah ku moga allah ridho jadi mu presiden negeri indonesia raya aamiin allahumma aamiin,positive
selamat presiden moga humble amanah junjung toleransi,positive
arahanya suruh dukung puan pilih ganjar yg incer tum banteng kalo capres ganjar itumah hoax bayar oligarki monyet,negative
kawal rapat baris presiden,positive
tp lawan kpu curang pakai hitung cepatquick count tdk salah inputkan tuntas konflik pilpres kpu brsm bawaslu konflik pilpres bawa mk pradugagt mk condong capres fihak kuasa tnipolri sikap netral,neutral
doa dukung anies nasdem moga jadi lancar langkah pilpres,positive
manusia datang yg jiwa hati indonesia palestina napsu presiden indonesia sungguh waras waras pribumi lokal dukung maju pilpres indonesia budak arab,negative
elektabilitas joko widodo unggul nama nama calon peluang kontestasi pilih presiden pilpres hasil survei lembaga polmatrix baru survei jokowi tinggi raih persen,neutral
capres ninggalin umat islam udah gak laku,negative
nggak nya pilih tentu resmi capres cawapres skr batas citra blm penuh syarat utk pilih,neutral
moga ganjar pranowo presiden jokowi,positive
bang dahnil tolong prabowo fokus kerja nggak mimpi calon presiden beliau dah jgn bilang timbul tenggelam rakyat tenggelam oligarki,negative
presiden kadrun cocok wan anus si racun politik indonesia,negative
kl emg bner sprti ituknp ahaye ngotot pngn jd presiden,neutral
moga allah swt tolong menang pilpres aamiin ya rabbal aalamiin,positive
org zonky yg peran kalah kali capres yg suka prabowo tp gak suka zonky dkk lbh pilih lawan capresnya,negative
tolong ganjar presiden sugengcalo kerja tanggung dkk megang duit cari kerja nganggur suwun ngihh,negative
reposted from hasil rekapitulasi pdpb kota salatiga maret orang rincian laki laki perempuan,neutral
pedoman presiden lihat aja ri hadap resko,neutral
tuntut turut stop unjuk,neutral
presiden pilih dukung propinsi kepala negara tentu orang orang yg didik rendah hak suara yg didik hasil jokowi wkwkwk,negative
sukaaaak banget liat tokoh cinta rakyat kerja pasang capres cawapres idola top moga mudah maju pilpres,positive
bacot munafik yg ahli tata bae btw si anus sdh ticket capresnkah modal parpolnya panggil oktober semogaaaaaaaaaaaaa,negative
tunda milu masuk akal mengakalin rakyat enak pimpin akal akal negeri akal hihihihi ketawa akal ya,neutral
sdhlah biar daftar biar rakyat pilih rakyat sdh cerdas yg mari doa indonesia pimpin rakyat yaa allah tunjuk kpd rakyat indonesia utk pilih presiden yg engkau ridhoi,positive
presiden aja jijik ama dukung yg rakyat jelantah salam kayak pegang barang najis,negative
baca paradoks indonesia pikir pikir maju pilpres gagas ide tulis perihal ekonomi relevan rangka baik ekonomi indonesia mohon tegur kader,neutral
moga pilpres muncul presiden bawa indonesia era puruk,positive
terima kasih pulau dewata sambut ramah nya rawan dpp dpw dpc saga indonesia mari gass pool dukung sbg presiden pilih ganjar,positive
percaya utk calon presiden sungguh malu,negative
sulit paham bahasa makhluk alien ndul heran yg ledek ndul mesti presiden ya kemarin jokowi diledekin ndul,negative
blum jg beneran capres anies sdh lawan tangguh repot gimana beneran capres dukung produksi fitnah hoax seru,negative
deklarasi dukung sembako kalo buzzerp cebong gembira kuasa masuk langgar milu nggak yaterus emang nggak butuh dana yadananya darimana kalo nggak yg usung rugi,negative
kades fokus kerja urus desa pengaruh isu milu,neutral
hebat contoh milu undur gmn nih udah begah ruweeeet nya,negative
ganjar yg hormat dukung presiden,positive
bangun narasi bagus biar rakyat gak sadar kalo bangun bangun runtuh kejap resmi calon presiden bohong tuju capai,negative
hati rakyat majul pilpres,positive
tuju dah gw jenderal andika layak presiden nya pilpres ken banget jendral andika laga retorika debat doa pilpres selenggara,positive
kaos aja muka asem presiden maaf kl ganjar mending prabowo yg turun yaman,negative
nyapres hak warga negara nyapres prabowo nafsu nyapres yg kali bangsa negarawan nasehat presiden,negative
pantes yg nggak tuju beliau presiden pasti golong yg suka nilep uang rakyat,negative
prabowo beda fadli zong prabowo menteri mantan capres indonesia zong jubir teroris,negative
mantaps anies baswedan mata buka apresiasi kerja beliau moga anies kibar maju capres pilih dlm pilpres,positive
mancla mencle diri kalo presiden ora apik rakyat rezim bangsat guwe dukung noh,negative
pilkada dki jkt jokowi besar pd pilpres hadap prabowo vs jokowi hasil x prabowo paksa hrs terima kalah prabowo tarung dgn capres yg usung jokowi,neutral
ealah ya sikut zaman tim capres yg baik khusluk ta balas ae dgn prestasi ya,neutral
udah gk jaman pakai presiden lgi skrang,negative
panjenengan layak presiden ganti jokowi,positive
la iya ya ki lurah bgt berani mo capresngurusin wilayah gak prestasi mo ngurus negara khawatir gp president rakyat wajib nonton bokep,negative
lucu sih presiden samain mantan gubernur dasar otak cebong dengkul,negative
top nih capres prabowo gabung cawapres mana pilih masyarakat cawapresnya prabowo atas unggul kerja,positive
oh dadak kadrun suara milu,negative
min jokowi udah selesai dgn periode jabat narasi hoax fitnah nkebencianmu tiap twitmu sebenernya sih ngangkat prestasi junjung itu kalo saing dgn,negative
asai rezim rakyat tdk pilih tdk dgn yg laksana pilpres th rakyat yg tentu pilih,neutral
rambut no problem hitam putih nelson mandela rambut putih mimpin rakyat ganjar,positive
antusiasme kaum muda usia partisipasi milu nilai antusiasme,neutral
pilpres lari nya emang lu tau gw milih sapa otak dangkaldikit pilpreslagak orang pintar ja kau,negative
dukung ganjar presiden,positive
untung mncari tukang bangun mncari calon presiden yg ahli strategi ahli negosiasi ahli koordinasi kandidat yg layak hitung,positive
ane percaya dgn ucap uas anya orang iri amp dengki yg olok ucap uasini hubung kali pilpres prabowo yg menang dlm milu tsb sayang nya kali curang bungkamhal manfaat cebong utk jungkal benar mimpi uas,negative
haaaaaa tolak d halus presiden nis nis dah anggur aj rawat burung d rumah iya nga,negative
aslkmpak prabowo dukung prabowomaju capres warga tes bantensiap dukung prabowo,positive
hai capres cawapres silah branding trus jgn pakai dana apbnapbd team kreatif minimal orang asnkontrak biaya merekaedit upload mlototin likelike suscribeapbnapbd bkn,neutral
anying presiden ngpa tag,negative
rawan sepenuh hati menang prabowo subianto presiden ri milu,positive
alas loyalis perempuan dukung ganjar pranowo presiden pilih makan bekal istri alas yg loyalitas perempuan pilih presiden,neutral
partai nyungsepz capres ga laku koalisi ga da yg pantes riweh tolak presidential threshold tuju,negative
yg ngarepin jabat nih ganti presiden indonesia lwbih tolong kasih,negative
sssttt presiden lu si mukidi ogah ganti,negative
milu tunda dampak sederhana pendundaan milu kompetisi regenerasi pimpin dampak stagnasi ide dampak hambat kaderisasi partai politik,neutral
iring dgn kuat dukung rakyat kpd menteri bumn erick thohir utk maju pilpres amp sukses dlm bersih bumn fitnah yg beliau semangat pa erick pohon kencang angin,positive
njar njar ngurusin provinsi aja loe kagak becus msh ngehayal jd presiden insyaf njareling malu,negative
dar ramai lomba serta deklarasi sandiaga uno sukses pilpres harap bangkit ekonomi masyarakat indonesia,positive
buku sial bukti yng bilang nilai tukar dollar rp klo jokowi presiden sangit,negative
kandidat capres yg bagus anies ridwan k yg menang sosmed aja anak titip oligarkhi yg hy bs bentak kayak singkek,negative
tunda milu rencana sistematis manipulasi konstitusi proyek oligarki harga harga masyarakat jerit rakyat jelata tindas shame on you,negative
statement ngaco emang mesjid ulama ajak umpanya jamaah angkat senjata utk lawan perintah kalo aja lawan tidak adil wajar perintah tdk adil dzalim jk mesti jujur yg menang pilpres dagel,negative
syukur presiden,neutral
moga sadar mas tular seluruh warga nkri jelang pilpres aamiiinnn yra,positive
insyaallah moga indonesia gelar milu pilpres pileg dgn jujur adil aparat negara netral polri kemendagri mk kpu bawaslu adil independen indonesia yg,positive
simbol dukung ericj pilpres moga kaya menteri andal,positive
awal ucap bismillahirrahmanirrahim sy keluarga dukung pamrih mas maju pilpres,positive
mo nyalon presiden om dukung mas,neutral
koalisi yg kongkrit insyaallah menang milu th,positive
moga ganjar pranowo senantiasa lindung berkah lancar sang cipta allah swt maju pilpres,positive
ekonomi meroketditandai naik harga minyak goreng kedelai telur daging sapi gas non subsidi publik puas az umur hidup ga nunda milu wkwkwkwkwkwk,negative
kerja jabat jabat menteri bukti sukses yg percaya hasil erick thohir dongkrak elektabilitas pasang dlm skenario simulasi pilpres,positive
sisi komunikasi politik ekonomi sosial budaya hrus matang tingkat global nasional lokalitas fenomena presiden gema krn masyarakat nilai yg yg ngak bangun bangsa negara anis,positive
halusinasi partai aza tdk gmn bs jdi presiden haaaaaaaaaa haaaaaaaaaa haaaaaaaaaa,negative
alhamdulillah moga kuat mudah lancar menang pilpres,positive
istimewa twit anies apa yg tweet trending rasa konten krn nitizen nya haru ganjar tiru anies biar imbang milu krn followernya anies jt vs ganjar jt gk imbang gk seru,neutral
milu tunda perang tunda,neutral
anies ngak model kampanye kampung gitu dunia ulah orang takut anies presiden,neutral
ingat anies suka silat lidah omong gk pegang prabowo jd capres anies gk jd capres,negative
jadwal udah aja,neutral
moga kelak pimpin negeri lbh komplet mas wakil arah bangsa gitu aja sih harap,positive
saran tum parpol sepakat tokoh elektabilitas sprti jadi capres tuju caprenya tum parpol sprti,neutral
milu undur pandemi amp krisis ekonomi yg depan tes baik kandidat,neutral
bungul ngehoax gaya daulat jd tokoh baik kwalitas didik lawong angka putus sekolah jateng aja th sok ngomongin mutu prettt ganjar gak prestasi banggain koplak,negative
parah jelang milu calon lomba tampil muslim tp aib kebringasan tonton yg mulia yg yg kait dgn allah minim tdk publish amp hal aib yg suka lihat bokep,negative
partai dah gak laku jual ketua dah gak layak tanding kontestasi politik akibat tersandra pelbagai tuju tunda milu sesuai maklumat lord menteri urus,negative
fungsi presidential threshold salah satu stabil perintah presiden,neutral
tanda pilpres sdh,neutral
jelang pilpres serang yg kalah bingung halal contoh yg tonton presiden jokowi yg giring rakyat nya pilih capres,negative
bagus king maker kayak megawati menang jabat megawati borong plus gelar profesor hc dibuli capres sejati ya,negative
mentok bantu presiden gitu ya,negative
presiden orang indonesia asli,negative
wih mantep nih moga banyak dukung ganjar pranowo ganjar pranowo maju pilpres,positive
pakar yg bicara erti visi arah pimpin bangsa yg ragu pilih dukung capres ri lanjut bijak bangun presiden,positive
ganjar afdol presiden klu gak percaya ayo coblos nama h nya,positive
kali juang menang pilpres atmosfer uap momentum pulih reputasi to be the king maker not a player,neutral
pilih jalur demokrasi durhaka kacanh lupa kulit demokrasi juang nyawa darah,neutral
kalo lu presiden rumah nenek mega aja yg lu renovasi wkwkwkw bokep bokep laku,negative
dukung jelek capres black campaign membully capres gak walopun berita negatif capres sdh google tp gak usah angkat serang fokus sj dg capres contoh berita,neutral
tolak prinsip hendak bangsa bangsa sepakat jabat presiden maksimal periode periode,neutral
urusin kasus min kardus durianpartai suara jatah capres min ngimpi kali min,negative
kaya baca literasi syarat presiden lungerti syarat presiden ri banyak literasi bunyi bro malu lu tahu upil sok tau sok olok olok orang,negative
selamat moga tahan bacapres milu,positive
capres bokep mania,negative
otak mesum bahaya kalo presiden ngikutin jejak proklamator,negative
kesi ya modal citra kosong,negative
tuju ajakalau kalah sia presiden boleh pilpres kalimau,neutral
takdir jd presiden ri tolong orang kasih jabat,neutral
ya demo,neutral
saking takut ganjar presiden kali bang main isu cuy,negative
insyalloh anis maju presiden indonesia,positive
mohon maaf ngg dulukrn blm maju tdku pilpres nunggu calon u yg tu ggu pilih yg lainu banding maaf,neutral
tahan rumahtangga ngak tertib fadly zon ngak presiden ya mbok mikir wo,negative
capres puja buzzerp bedak poles luntur,negative
untung mncari tukang bangun mncari calon presiden yg ahli strategi ahli negosiasi ahli koordinasi kandidat yg layak hitung,positive
mantap ganjar nyalon presiden ni,neutral
moga allah swt mudah lancar bpk dlm ajang pilpres aamiin ya robbal aalamiin,positive
hadap depan pendekar hadap depan ragu ragu ragu ragu hasil prabowo,positive
moga ahy damping aniesr b pilpres,positive
dukung presiden ri,positive
iya yg dukung jokowi persen emang milih wan got gk yg milih ahok pertamina aja lu kelojot gimana jd presiden lu mampus jamaah kali lu,negative
benarbahkan anda karno hidup yg sanggup imbang capres prestasi beliouw yg fenomenal adlh anies sanggup gelontor apbd rp triliun kpd ormas minjam dana rp formula e,negative
moga sempat liput bola jakarta jis amp nikmat fasilitas jakarta mohon maaf kampanye nyapres klopun nyapres ya monggoooo,positive
pilih presiden boneka presiden jongos oligarki,negative
bpk km rawan sobat anies milenial bahu bahu awal bpk anies baswedan pilpres yg jurdil in sya allah moga allah swt berkah aamiin,positive
nggak risih ya main ras gin cucu pahlawan nasional bro,negative
ga viral ga tanggap ganjar mah nyari citra biar presiden,negative
besar jamin proyek lanjut menang pilpres sebab gonjang ganjing rubah konstitusi,neutral
maju anis sukses pilpres,positive
bismillahirrohmannirrohim warga jawa barat dukung pilih mas tri bumn erick thohir capres pilpres dukung alir deras bendung dr lapis masyarakat kali masyarakat jawa barat,positive
wayang ga nyawa lu bain warga wadas manusia bernayawa persekusi mingkem njar njar gin mo presiden dpr congo aja lu mending,negative
ikut doang,neutral
sambut damai,neutral
moga kabar baik yaa mari kawal ganjar pimpin menang pilpres butuh sosok pimpin ganjar,positive
ckup jd bangsa sj ckup dah bbrp kali gagal jd presiden lbh elok dukung jd capres sy ktka grndra dmkrat pks nasdem gabung d rakyat ttp simpati kpd,neutral
rakyat indonesia sdh matang dlm tentu sikap moga tdk rekayasa kpu pilpres,positive
emang presiden yg pilih pilih partai nya aja pdip ganjar,negative
cepat ya indo jeda nya banget pilpres sampe lantik,neutral
klo lego utk kota ya gak jgn lego utk biaya milu pilpres,neutral
nya gelora masuk pilpres nie nya kpu tuntas selesai tugas nya start kampanye,negative
presiden tugas momong anak banteng nnnnnooooooooooooooooooo vote golput ajja,negative
berat tetap idam presiden survei median n marbun hmmmm top ya ya ya ya jelang politik,neutral
pwnu jatim rekomendasi milu gelar,neutral
tuju aja sih capreswapresnya airlanggahehe,positive
proses calon min mohon doa ya moga pilpres bsk lancar jaya,positive
ken banget nagih janji orng yg topeng kadrun milu janji gak import janji gk nambah utang janji gk kuasa janji ekonomi atas janji rb tril janji harga murah janji asemca kangen demo,negative
indonesia jatuh tangan salah ikut akun twitter dukung presiden ri,positive
udah pantes bgt presiden nih,positive
halal jd gubernur maaf dki jd presiden,negative
maaf gambar aspirasi rakyat pasang prabowo ganjar pilpres,neutral
partai rela atur capres give away,negative
wasis aksi sindir partai bangun kultur demokrasi sehat kritik kritik sifat personal,neutral
muak banget liat gin muncul jelang milu sya warga jateng bjorka gak usul trims,negative
isu bodoh azan sanding gonggong anjing pilpres tunda mau,neutral
moga unggul simulasi sesuai unggul pilpres maju pilpres,positive
dikit nyoblos ygy,neutral
mas biidznillah jd presiden ri tulis harap masyarakat tl,neutral
pencapresan subianto tum gerindra calon hendak kader partai calon beliau orang nomor indonesia,neutral
politik identitas hilang milu,positive
yg hormat yg hormat biarpun hormat wajib hormat hormat putus capres yg dukung mati gabung perintah,negative
segera pilpres turun jabat presiden hak alam demokrasi makar,neutral
hahaha model gin caprespusing gueayo pimpin negeri inijangan undur pilpres,negative
insyaallah prabowo presiden tuk amin,positive
ckup aja ga ngebantah ga gub jokowi yg tengah jalan nyalon presiden,negative
ganjarpranowo hati hati blunder elektabilitas turun susah nyalon presiden paksa konten,neutral
pimpin jateng kerja bocor warga presiden knp dmikian krna beliau bener maksimal dlm layan wargarakyat pemimpinyg emban ya layak,positive
nyapres emang partai minimal capres tum partaiklu gak kader partai dpt jatah nyapres duit gak punyapartai gak gablekklupun partai dukung partai tolol,negative
aamiin ya rabb moga mas ahy pasang om pilpres ya laku usaha bidang produksi bakso siaap dukung titik darah habis kabul ya allah,positive
yg milu ditundadiundur sdh jawab menang lawan anies baswedan dah gitu aja koktitik iya,negative
mantab moga laga pilpres kerja posting an kenang pilpres,positive
saga sahabar ganjarrrr kelompok rawan dukung mas ganjar utk jadi next presidenn yg mana artinyaaa uang keluar asal relawannnn nyaaaa apdb emg dasar bungulll,negative
nih lanjut gelombang anies baswedan hancur rezim laknatullah negeri nya bpk presiden ri,negative
jilat ruhut sukses ambil positif aja biasa om ruhut anies menang pilpres,positive
arus survei indonesia rilis hasil survei nasional kait pilpres hasil simulasi pasang capres duet prabowo cak imin unggul,neutral
optimis kang dukung kang emil pilpres,positive
doa moga menang pilpres cawapresnya prabowo atas unggul kerja,positive
moga kuat jdi capres abadi ya sehat yamgkin mas nemenin ato jgn lgi,negative
tuju dg tunda milu periode,neutral
juang menang koalisi ubah antar anies presiden yg,positive
pasang ideal pilpres moga allah swt mumudahkan proses jadi tokoh pimpin baik indonesia,positive
mantap hasil survei charta politika indonesia nilai peluang raup suara pilih presiden wakil presiden,neutral
spy guna apbn ugal ugalan atur ubah spy pilpres menang umum malam,neutral
gus muhaimin pimpin muda lokal interlokal enerjik dinamis yg butuh tokoh pimpin lintas selesai sensitif,positive
barangkali salah rakyat pilih langsung pilpres dkk moga hak rakyat nkri,positive
jgn egois yg pgn rasain presiden yakan,negative
lumayan yg jd presiden jg,neutral
dgn pdip pdip nama capres yg habis koalisi sbg pion demokrasi jalan dgn,neutral
butuh iya tp kapasitas akademis sesuai kapasitas k ahlianny kl presiden biar nga sanggup,neutral
kreen presidenups belumpak gub digital dar gaya hidup butuh hidup,neutral
yg presiden rakyat,negative
wacana tunda milu kian kuat tolak usul khawatir publik takut perintah otoriter nyata cc,neutral
sadar gak sadar alternatif condong prabowo jokowi pilpres kalo prabowo islamis anies,neutral
moga demokrat mantap semangat dlm konsolidasi menang rakyat menyakini demokrat menang milu menang pilpres anggota simpatisan demokrat simpatisan partai,positive
elektabilitas ganjar anies atas usung capres parpol,positive
pimpin kelas dunia,neutral
kau tengok rekam jejak kerja woi kau pikir diri jd presiden ngimpiiii,negative
dukung yg presiden inisiatif komunitas komunitas jaga amp bimbing rusak dgn politik identitas,neutral
moga pilpres jujur bersih curang mustahil salah harap,positive
jemput menang pd antar calon legeslatif senator kebun sirih dprd jakarta elektabilitas elektoral pd puncak juang ahy tang pilpres pileg moga hasil tegak lurus dgn juang,positive
bawa panji panji partai wujud cita cita jadi presiden partai gerindra menang milu,positive
paslon capres kuat pd pilpres ganjar ahok,positive
ya deh yg suka capres suka filmcabuldi waris aja sukan anak istri yak,negative
tuju ah mesin politik dorong anies rk capres cawapres maksud sinergi kolaborasi,neutral
dukung bpk presiden ri amat jendral andika tetap presiden ri istri istri presiden presiden nya tampil utama tutup kepala mohon maklum tks,neutral
masyarakat jakarta bangga gubernur moga masyarakat indonesia bangga presiden terimakasih goodbener,positive
beda dgn kaos anies presiden pilpres th anies nyungsep tdk menang rakyat indonesia tdk pimpin presiden orang arab hadramaut kaos langsung jadi lap sepatu yg pakai,negative
survey litbang kompas masyarakat puas kerja perintah parpol pdip gerindra demokrat capres uzzer bingung survey menujukkan kerja muas favorit capres,neutral
rubah parpol duduk jabat strategis parpol menang milu melaui parpolmu ubah parlemen alur,neutral
joss terus baik presiden,positive
jk jg bulat usung duet tp mustahil jk parpol usung cawapres parpol nya eforia bagus bulat usung anies capres cawapresnya,neutral
cak imin sapa prabowo sebut calon presiden capres,neutral
usaha kesan kalo kawan dng orang yg keburu bongkar biar anggap olah jahat jahat buruk setnov poto dr presiden senator pngsha dll mrk koruptor,neutral
yg sanggup terap adil bidang tegak hukum wajib dukung pilih presiden ri pilih capres yg percaya firman allah swt,neutral
stop rampas rakyat,neutral
puan maharani harap presiden perempuan karpet merah puan maharani nilai unjuk gigi maju pilpres,neutral
kalimat si presiden banjir semarang atas ampun deh,negative
gubernur yg tdk mndptkan wtp presiden bgmn dg gubernur yg sllu panen wtp smakin peluang krn wtp mrpkan barometer seorg pimpin dlm kelola uang negara mmg ok,positive
presiden orang jawa ras nama,negative
amp paslon capres top seng gak kalah,positive
pilpres hasil riil kurang publis kaga kurang,neutral
polarisasi pilpres keras brutal perang dukung moga sadar dukung wajar,positive
ganjar sehat sehat yaa moga maju pilpres,positive
rakyat tokoh masyarakat awal milu pilpres siap siaga junjung awal demokrasi konstitusi yg begal sikat,neutral
klo prabowo sedia barpasangan anies capres wapres dahsatnya,positive
dokter awan berkarir ln drpd indonesia kontribusi ilmu beliau harga butuh perhati presiden menhan presiden,neutral
berat pasca pilpres presiden rakyat miskin sesuai pbi bpjs kes gt jt angka stunting perata pddkan murahamp mutu iklim tenaga kerja rumah mkn sulit kota krn property pakai sbg investasi stop tka,neutral
ha ha presiden ludruk,negative
cita moga presiden thdap kelompok kadrun usak agama islam,negative
pasang pilpres yg bawa indonesia maju jaya makmur amp adil satu visi misi generasi anak bangsa moga umur yg bara,positive
hindar boros anggar pilpres putar,neutral
mayoritas mata cahari rakyat tani layak tokoh nasional utk tampil pimpin bangsa,positive
mantap presiden ri partai,positive
capreskan tum parpol bener tarung polarisasi media sosial beda muak olah kelompok yg henti ejek,neutral
wacana jabat ganjar peluang capres,neutral
pks yg isu radikal usung khilafah milu suara tambah ya,neutral
ga tampang presiden yg main pleciden pleciden doang,neutral
assalamkm tri hormat prihatin dgn yg edi mulyadi harapagar kpd bpk presiden panggil edi mulyadi selesai adat,neutral
balik duo ustadz doain presiden eh bantu presiden,negative
pilih anies beliau jujur kerja selesai kerja penuh janji kampanye,neutral
kondisi negara presiden gubernur aja ga gin presiden mending tau pa ga banyak citra muak pa suka,negative
mantul sbg menhan yg beli rafale cina dadak dekat ri dukung bpk capres terus amp smoga pilih drpd anies dukung gerombol radikal puan andal trah leluhur,positive
mantap mas ahy juang rakyat bangsa negara izin allah karna allah presiden anies ahy moga allah izin menang pilpres amiiiiiiin,positive
moga elektabilitas menang anies baswedan pilpres,positive
mantap jelang pilpres tingkat pilih posisi atas jelang pilpres versi lembaga survei warna research center wrc,positive
ya partai buruh dukung presiden ri,positive
biar wilayah pribadi anies hubung elektabilitas capres capres anies konsisten jalan juang islam nya,neutral
alhamdulillah allahuakbar moga allah menang anis baswedan presiden ri pilpres aamiin,positive
cebok trus basuh mukakali aja wan panci presiden,negative
ha ha presiden ludruk,negative
agama jadi alas kotak kotak hidup negara,neutral
janji kecuali bpk presiden,neutral
sekjen buka opsi pasang capres cawapres tuju wacana,neutral
goa pribadi gak pilih capress,negative
sdh milu hrs undur thn khusus utk presiden krn salah satu biaya beli alutusta pk mana biaya milu cc,neutral
lha yg ijazah presiden yg ijazah asli ngga capres,negative
jakarta sejarah kelam pilkada ulang indonesia catat sejarah kelam pilpres,neutral
ganjar dukung masyarakat pilpres contoh blitar salah ponpes sana gelar istighotsah doa ganjar hasil pilpres,positive
alas doang tunda milu lancar,negative
menggaungka pan pkb golkar usul tunda milu kasihan tu yg kebelet presiden dijegat partai nggak nyesek tu,negative
biar mikir ps capres abadiselamat tinggal dukung,negative
yes pas mantap ganjar presiden,positive
bukti pakai politik identitas radikalisme pilpres th politik kuas penting dg mulut janji manis suara citra sukses ulang,neutral
si bego jebak elu tetep menang jd saran lu pas milu golput biar surat suara lu manfaat lu pinter dgn ttp dtg tps lu bikin surat suara lu gak sah dgn lu coblos muka calon,negative
tahan nasionalis jebol pilpres mimpi indonesia emas tinggal kenang diri bangsa menang,neutral
gimana undur hayo lho undur utk tambah thn jabat presidenwapres amp periode,neutral
mimin dah ya dah x pilih gilir kasih kesempata yg ya mimin moga ps jdi clon presiden,positive
prabowo negarawan dukung anies pilpres gubernur dki presiden ri momentum puncak prabowo presiden ri sayang manfaat dukung kecewa,neutral
kasih tau kadrun junjung presiden hutang indonesia sdh kadrun nggak kuat biar aja yg presiden beliau kuat ok bro,negative
alhamdulillah pimpin jakarta bebas banjir maksud banjir bebas pas musim kemarau moga presiden,negative
ya gak protes emang tau nyapres orang psi aja gak kenal ya gk senggol,negative
yg jelang milu sy pilih yg,neutral
gk prnh mnunjukn ambisi trs mlakukn krj sbgai menteri melakukn prbaikn skligus pmbersihan sllu mnempatkn sbgai ptugas presiden dgn kinerjaamp pncapaian yg calon potensial tabik,positive
lihat jalan presiden kek santuy banget bliokek jalan bapak aja,neutral
for president layak pimpin negeri cerdas adil amanah ayo tambah,positive
pokoke tulis ganjar presiden aja udajh curi start duluaan klo bilang ganjar kenal org nama ganjar gitu lhooo,neutral
skrg klo pmbwa surat suara kyak pilpres bnyak yg mati lelah krn infrastruktur jlek nyawa yusrilmahendra gntikan nyawa rakyat nkri gara psta dmokrasi gk tunda korban nyawa rakyat sbg rakyat nyawa yusril mahendra gntinya milu gk tunda brani gk,negative
indonesia pimpin orang cerdas wibawa adil,positive
capresx wapres yg bkn meong no debat,negative
dukung ridwan kamil smakin moga jd sinyal positiv maju d pilpres,positive
aneh dukung ganjar gak henti henti jelek jelek anies bilang survei nya anjlok gila kelen coba,negative
ganjar calon presiden yg rakyat inovatif wawas luas motivator hebat pokok jos gandos indonesia mudah pdip nggak paksa puan calon ganjar menang,positive
terima tawar pokok tdk sisi belah anies kudu capres pasang dgn dalil dasar track record data impirik,positive
sbrnya dr sisi peluang menang pasang ganjar rkamil yg moga partai yg dukung pilpres smoga buka peluang pilpres calon independen,positive
pandaiyang presiden kadrun,neutral
irasional sdh obral rupa makar thd konstitusi orang dgn juluk lord lewat batas yg rusak republik indonesia rakyat indonesia diam,neutral
jk mati menang kemenakan jd walikota makassar x pilih aja gak kalah sok sok jadiin org presiden,negative
gak milu calon politik identitas biang pecah,negative
udah jd presiden silat yg presiden capres gagal maning,negative
andai milu kandidat capres lord rangga anies baswedan pilih capres nomor urut,neutral
asyik nih dukung ganjar bangga banget moga jalan ganjar menang pilpres mudah aamiin,positive
menang telak partai jauh rakyat panjang jabat presiden yg baru milu tutup ujung curang,negative
beliau tanggung sbg gub jateng nunggu jd presiden yg pilpresnya ajah jalan yg kena aspal m tp bulan gelombang lg truk muat gali hilir mudik ga libur mulus,negative
moga pilpres prabowo kingmaker anies kerja ny rakyat pribumi masyarakat dki hasilny bukti milik jiwa patriot kesatria rela nkri pimpin anak muda kualitas kerja nyata,positive
doa moga wujud ganjar utk maju pilpres,positive
dukung ahy anies milu,positive
bau restu presiden jokowi pilpres et orng yg percaya utk ketua acara mas kaesang moga sgera dpt kabar yg aamiin menteri andal,positive
pimpin tolol yg tuju bangun infrastruktur presiden bangun bangsa bangun rakyat bangun negara bangun infrastruktur uang beres bangun rakyat pimpin yg cerdas sederhana rakyat keluyur solusi,negative
aspek negara benah pilih presiden ri periode beres sdm jabat negara tegak hukum,neutral
kalo puas yaa takut atur takut kalah pake yg gak,neutral
moga dukung maju pilpres,positive
alhamdulillah acara laksana moga ganjar pilih pilpres,positive
gubernur jateng yg insya allah capres th loch bro,positive
blm ajak capres ntar kena sanksi loh hihihihi,neutral
maju anies moga jakarta yg rasa pimpin indonesia dunia,positive
sangka layak presiden wakil prank uda pesan baju batal panggil wapres,negative
merinding yaaa bismillah kawal pilpres politik identitas,positive
presiden bangun jalan tol dll gak khusus desa program bedah rumah gak khusus beda khusus kader partai,neutral
lolos verifikasi faktual partai ummat serta milu,neutral
sabar banget ya pimpin moga ganjar menang pilpres,positive
mui ga bs jd presiden ntarnya baptis jga ga,negative
suara halus dipilpres tampil depan utk pecah amp rontok suara yg khianat ganjar mudah menang lanjut program bangun prabowo kamikaze utk nkri,neutral
moga dg kuat doa maju menang pilpres jadi ganjar sbg presiden ri sosok pimpin hebat negeri,positive
duet prabowo ganjar isu hangat jelang pilpres tarik kode jokowi prabowo nilai kode ganjar,neutral
moga menang pilpres,positive
masya alloh moga jalan lancar sukses pimpin nkri pilpres aamiin,positive
senyumin ketawain aja yg kaya gitu gak esensi bro,neutral
konsisten visi misi tahan beliau debat capres tiga pilpres,neutral
mantul iki capres yg rakyat,positive
anggur ngimpi presiden,negative
dana siap milu pilpres sumbang silah setor kas negara,neutral
hahahhah si raja bacot anies baswedan calon presiden tiktok,negative
tetap visi misi amp program presiden pilih gbhn anggar pilpres amp pilkada alih bonus partai yg calegnya lenggang senayan sbg ganti biaya kampanye yg rawan keluar sembako dgn sindir presiden amp,neutral
presiden ku th sosok ganti de jokowi salam sehat beliau dua,positive
kawula muda jateng deklarasi dukung ganjar sandi sape aje dahyg dampingin yg presiden nya,positive
hya saran kandidat tarung capres dll jiwa nasionalis mghargai dmokrasi fairlah tuk calon pilpres threshold kembali oligarki,neutral
mantap capres idola,positive
media main cantik lapang main buruk jurus hindar,negative
wacana tunda milu anggap main main rakyat gerah isu tunda milu,neutral
presiden pks,negative
kepala divisi humas polri irjen pol dedi prasetyo prediksi sebar hoax gera hitam tingkat,neutral
deja vu eks presiden partai biru,neutral
yaaaa org pintar jateng sayang mrk tdk buat kendala sistem mas gadang capres dlm kondisi neg hutang patut ragu,negative
calon cuman prabowo vs anies mending milih prabowo beliau bener selektif milih menteri bawah,neutral
klu tdk suka nggak pilih ngapain jg larang orang jd capres pasang foto sj nggak berani larang orang,neutral
baik ya cawapres sj buya adik kudu ngalah kang mas klo pasang capres cawapres kakak adik catat sejarah demokrasi indonesia dukung,neutral
sih tuju sjkarena blm yg beliau dukung istirahat beliau sdh lelah utk pikir negara sdh nya momong cucu jan ethes neng banget lho walikotagubernurpresiden,neutral
ratus milenial mahasiswa gabung ganjar milenial wilayah jabodetabek deklarasi dukung presiden dukung bareng aksi konvoi bajaj kawasan kota tua jakarta,positive
masyaallah tugas tinggal benah negara carut marut bismillah anies baswedan next president of ri,positive
moga anies menang pilpres bawa adil amp satu masyarakat indonesia salam waras,positive
dapet amplop langsung bu mega isi tiket caprescawapres bareng mampus tuh buzzer kadrun hahahaha,negative
presiden ingat rawan buru buru tentu dukung pilpres,neutral
yth bp bp prabowo masuk dlm kabinet presiden jokowi periode dengar kader yg serang perintah amp pro kelompok intoleran densus bubar kelompok khilafah demo salam hormat rakyat merah putih,negative
harap laksana milu februari tepat kasih sayang saji milu sejuk pecah anak bangsa,positive
emang kritik dengar emang sih sosok cermat tindak tanduk capres trus kritik habisn kl salah,neutral
bro ambil sampah dukung capres emang suka ngada pokok anies binasa hebat,negative
selamat lahir pkb doa ikhtiar moga pkb menang pd pileg amp pilpres gotong royong menang gus muhaimin presiden,positive
aniesbaswedan nnti presiden ya mstii bawa negeri maju jauh kkn,positive
pimpin indonesia jabat presiden,positive
enak biangeett emang jd anak turut kayak baginda capres point nya manut jd gampang manfaat dll dasar nya jd anak bebas bebal berontak ya gin deh jd nya,negative
pandemik covid reda moga pandemik musibah yg landa global regional pilpres capres nasdem anies baswedan ganjar pranowo yg pilih presiden,positive
hadir hadir giat agama doank gk cocok presiden,negative
presiden kadal gurun,negative
harap perintah pimpin jokowi jatuh pilpres tinggal sebentar jago mu menang milu,neutral
mantap calon presiden yg lestari budaya wayang wayang sebar baik kpd agama pademic maju ganjar calon presiden ri rakyat indonesia amp maju budaya ku,positive
anda yg gugur putra kandng bpak menhan yg doyan jual radikal radikul mulu sbgai wapres ng kong bgm sbgai presiden,negative
barangkali salah rakyat pilih langsung pilpres dkk moga hak rakyat nkri,positive
erick thohir kuat cawapres sukses kerja menteri bumn muas masyarakat menteri andal presiden jokowi dukung maju cawapres pilpres,positive
jelang milu radikal radikul teruuuussss adu prestasi adu gagas brooowww,neutral
pilpres pileg gelar serentak tjahjo,neutral
bismillah kemarin partai gelora hadir daring sidang judicial review uu no pilih mahkamah konstitusi usul pileg amp pilpres laksana pisah laksana demokrasi kualitas,positive
bukti anies baswedan hitung pilpres semangat anies moga presiden,positive
partai politik relevan klw bilang milu tunda silah tunda pilpres ganggu konstitusionaljangan haus kuasa karna langgar,neutral
mmgnya rawan anggota pdip jd mesti ijin nalar pendek yaa ntr plg kampung mo bikin ganjar presiden,negative
terimakasih anis moga sehat nex presiden ri,positive
partai demokrat dpc jatim sukses kontestasi milu pilpres,neutral
pilpres moga hasil nakhoda bijak damping menteri menteri kompeten wujud zaken kabinet kabinet diiisi profesional kompeten integritas abdi rakyat,positive
biar mikir biar sungguh ngurus jawa pa kalo orang gankar ngotot presiden negara termidkin dunia,negative
isu ambang batas presiden hangat detik kali ngobrol tema bareng dg tmn pcim sudan,neutral
alhamdulillahselamat anies langgeng pilpres moga allah lancar sukses anies presiden ri periode aamiin,positive
tokoh tokoh moga rapat beliau beliau din susun strategi menang pilpres,positive
dlm sejarah pilpres republik ribu orang rawan korban tenaga amp pikir korban uang nilai juang sia krn calon yg dukung serikat lawan politik,neutral
bener gw pretttasinya rusak jakarta trus usung bbrp partai capres tuju coba ngedukung yg model ginimau ngerusak indonesia wajib tenggelam tuh partai,negative
moga pilpres besok pilgub jakarta penuh isu sara,positive
bacapres partai kibal kibul,negative
presiden perempuan partai kaes berat mbak ntah partai mbak ane yg milih aja berat,neutral
capres calon presiden kerja nya nol gede calon nilai kerja nya kerja jabat yg bukti tepat janji yg nol prestasi presiden yg bawa sengsara rakyat indonesia nilai dasar fakta,negative
milu putar cebong kampret,negative
prabowo optimistis indonesia milik masyarakat rukun satu,positive
trs tuk jadwal yg sdh dril kapeu trs uud jg dlnggar pilpres hrs ttp,neutral
pilpres muncul turun tokoh pahlawan muncul turun pangeran diponegoro muncul turun raja maja pahit,neutral
moga pilpres anies ahy oleh suara atas jujur adil transparan inshaallah,positive
alas situasi paksa tunda laksana pandemi covid kondisi puncak anak amp menantu jokowi pindah ibukota ri kalimantan dana anggar paksa,neutral
insya allah rakyat indonesia dukung pilih beliau prabowo subianto presiden republik indonesia periode pilpres thn yg amin ya rabbal alamin,positive
tanda jaman tanda pilpres,neutral
ya udah presiden jateng yg,negative
ngga tumpeng nyembeleh kebo pas jokowi udah ngga presiden wujud syukur,negative
biaya milu bengkak rakyat sulit pantas,negative
presiden depe nol persen,negative
moga buka mata elite pdipbahwa kader suka rakyat layak maju pilpres,positive
gak suka gak panas riak presiden dukung anies gak kegeeran segar ingat hormat syiaap presiden yg presiden,neutral
hati bnyk kadrun samar jd rawan dgn tuju adu domba tum pdip mega dgn presiden ganjar sprti krn andil pdip jd biar alir sprt air mana bpk lang hny dgn adu domba wan toa bin kibul capai tuju,negative
gubernur abai putus adil model kek gin presiden cebong babi anjing peking nyebokinya,negative
bupati klaten naik ganjar ganjar selesai ganjar naik urut ya mas bupati klaten ngomongnya mas gibran mikirnya mas gibran dg presiden gubernur,neutral
terima kasih tim rawan puan bantu sembako jaring bantu hasil tangkap moga puan pilpres bhaskara salah warga terima bantu rawan puan puan harap rakyat,positive
anies prabowo harap salah satu menang pilpres kalo satu,positive
ayooo sosok ayah presiden cocok ganti pa jokowi milenial jabodetabek bersmaa abdi negeri,positive
satu calon presiden yg jaga nkri dgn budaya yakin agama majemuk suku yg benteng waris seni budaya leluhur,positive
pilih x serius murni pure pilih rakyat asa byk berita medsos bgmn kumpul suara dg tdk elegan amp tdk scr kesatria tutup mata looo dg berita hitung suara hsl milu rakyat tdk bodoh tdk daya,negative
bukti rakyat enga tuju milu tunda krn survei litbang kompas milu gelar parpol yg pilih yg pilih yg pilih tunjuk rakyat milu gelar thn tunda,neutral
ikat dgn cendana dah lahhh mending kyk pdip yg elektabilitas partai gak tum partai nyalon kader yg muda integritas syarat usia capres laku,neutral
bnr bhinekatunggal ika capresnya orang jawa yg jd presiden suku ras negeri,negative
moga pilpres politik identitas ancam satu bangsa,positive
moga aja kabul doa himpun santri nusantara ganjar pranowo maju pilpres presiden ri,positive
moga anies maju pilpres,positive
kalender kampanye satu partai mumpung nya mangga,neutral
loe kali yg stres loe pikir anies udh resmi capres tong mikir loe koalisi blom,negative
pilih lihat kontestasi ya moga amanat menang jagoin orang ga presiden gita wirjawan,positive
dasar mental garong gak bayar royalty black pink hak cipta org sikat presiden wtf,negative
sandiaga uno with ganjar auto win as double combo,positive
moga ganjar presiden ganjar selamat pribumi cengkeram datar china jajirah arabpak prabowo anis,positive
anak buah buruk citra terus calon jd capres gk dukung gk pilih,negative
introspeksi brarti calon mu si suka mayoritas duduk indonesia nyaprespaham,negative
tanda tanda pilpres bener ga bro,neutral
restorasi indonesia capres integritas penuh prestasi,positive
butuh umat islam calon presiden menghianatinyamana bela umat islam tokoh islam diobok obok hina adu domba,negative
hebat mesin buzzer nya organisasi parpol bas agama tekan konten om ragil tema ragil sih nyenggol salah pageant daerah ungsi timteng politik oh politik,negative
blunder lo rasain kursi capres,negative
prediksi pilpres ikut capres prabowo subianto gerindrapkb anies baswedan nasdempksperindohanura ganjar pranowo pdippsi ridwan kamil golkarpanppp,neutral
urus rakyat wadas aja sampe kaya perang gimana kalo presiden perang dunia,negative
presiden kalo sistem hukum msh spt skrg tdk ubah lbh fakta indonesia sdh ganti bbrp kali pimpin bukantaqwa tuh taqwa kpd hukum allah hukum buat manusia,neutral
salah anies baswedan minyak goreng langka atas milu tunda dana beli migor murah rakyat ahiw,negative
moga beliau rancang tisik menganalisa kalkulasi ahli eksekusi bijak bangsa berkontestasi dlm pilpres,positive
alhamdulillah rawan anies baswedan senang dukung dr saudi arabia unt maju pilpres kabul yaa mujib basailiin niat moga lg salah pilih pimpin,positive
negara pandemi corona cari order eh lupa milu bentar ya,negative
salah pilih pilpres,neutral
kasi gua liat lu drun udh banggain ehh yg dukung partai tanda nya drun yg lu pamerin gk guna karna lebih bayar jd gubernur aja lebih bayar gimana jd presiden idihh amit dah jd bahan korup jamaah lg,negative
harap tdk sprti yg pilpres pilkada capres yg main politik identitas tdk layak pilih,neutral
kanan urus politik ah nyapreskah apesbakalan capres abadi sebabkrn pelihara dukun gembul eehhada pawang kutu janggut stress jedot umbul ciaaann dech kek yg nasib,negative
mandat politik mega puan persiaapan pilpres moga depan pimpin dg puan pimpin alam,positive
emang kerja menteri bumn dgn gebrak yg keren gak salah beliau masuk daftar capres pasang dgn mr white keren tuh,positive
l dukung tum berat lho milu calon yg kompeten,negative
kritik bebas tp debat dukung milu rakyat ga guna bela yg duduk ngopi bareng semangat cari keluarga,positive
moga pilih kontribusi negeri pilpres,positive
andai presiden utang indonesia sisa kasih tau trik indonesia depan maju sejahterah,neutral
jabat jabat laksana gubernur walikotabupati yg menteri negeri kalang mana ambil non partai,neutral
gin nyalon presiden jateng periode aja ga tuntas pimpin sadar,negative
urus wadas aja ngga becus capres,negative
waduuhgitu yaa gantung yg dukung jokowi peluang menang pilpres wollahu alam nisshowaf tggu tgl main aja gk diaik i kerso berjuangsiapa yg kerja keras yg muka al aamiin,neutral
jelang pilpres isu alas jatuh lawan politik,neutral
balas jasa kali ya lolos serta milu,negative
moga ganjar presiden teman teman rakyat yg sgt senang semangat nggeh,positive
